mpg,cylinders,displacement,horsepower,weight,acceleration_s,model_year,origin,car_name,displacement_l,weight_kg,fuel_l_per_100km
18.0,8,307.0,130.0,3504.0,12.0,1970,usa,chevrolet chevelle malibu,5.030828648,1589.38766448,13.067476833333334
15.0,8,350.0,165.0,3693.0,11.5,1970,usa,buick skylark 320,5.7354724,1675.11662241,15.680972200000001
18.0,8,318.0,150.0,3436.0,11.0,1970,usa,plymouth satellite,5.211086352,1558.54338332,13.067476833333334
16.0,8,304.0,150.0,3433.0,12.0,1970,usa,amc rebel sst,4.981667456,1557.1826062100001,14.7009114375
17.0,8,302.0,140.0,3449.0,10.5,1970,usa,ford torino,4.948893328,1564.44008413,13.836151941176471
15.0,8,429.0,198.0,4341.0,10.0,1970,usa,ford galaxie 500,7.030050456,1969.04447817,15.680972200000001
14.0,8,454.0,220.0,4354.0,9.0,1970,usa,chevrolet impala,7.439727056,1974.9411789800001,16.801041642857143
14.0,8,440.0,215.0,4312.0,8.5,1970,usa,plymouth fury iii,7.21030816,1955.89029944,16.801041642857143
14.0,8,455.0,225.0,4425.0,10.0,1970,usa,pontiac catalina,7.45611412,2007.14623725,16.801041642857143
15.0,8,390.0,190.0,3850.0,8.5,1970,usa,amc ambassador dpl,6.39095496,1746.3306245,15.680972200000001
15.0,8,383.0,170.0,3563.0,10.0,1970,usa,dodge challenger se,6.276245512,1616.14961431,15.680972200000001
14.0,8,340.0,160.0,3609.0,8.0,1970,usa,plymouth 'cuda 340,5.57160176,1637.01486333,16.801041642857143
15.0,8,400.0,150.0,3761.0,9.5,1970,usa,chevrolet monte carlo,6.5548256,1705.96090357,15.680972200000001
14.0,8,455.0,225.0,3086.0,10.0,1970,usa,buick estate wagon (sw),7.45611412,1399.78605382,16.801041642857143
24.0,4,113.0,95.0,2372.0,15.0,1970,japan,toyota corona mark ii,1.851738232,1075.92110164,9.800607625
22.0,6,198.0,95.0,2833.0,15.5,1970,usa,plymouth duster,3.244638672,1285.02718421,10.691571954545454
18.0,6,199.0,97.0,2774.0,15.5,1970,usa,amc hornet,3.261025736,1258.26523438,13.067476833333334
21.0,6,200.0,85.0,2587.0,16.0,1970,usa,ford maverick,3.2774128,1173.44346119,11.20069442857143
27.0,4,97.0,88.0,2130.0,14.5,1970,japan,datsun pl510,1.5895452079999999,966.1517481000001,8.711651222222223
26.0,4,97.0,46.0,1835.0,20.5,1970,europe,volkswagen 1131 deluxe sedan,1.5895452079999999,832.3419989500001,9.046714730769231
25.0,4,110.0,87.0,2672.0,17.5,1970,europe,peugeot 504,1.80257704,1211.99881264,9.40858332
24.0,4,107.0,90.0,2430.0,14.5,1970,europe,audi 100 ls,1.753415848,1102.2294591,9.800607625
25.0,4,104.0,95.0,2375.0,17.5,1970,europe,saab 99e,1.704254656,1077.28187875,9.40858332
26.0,4,121.0,113.0,2234.0,12.5,1970,europe,bmw 2002,1.982834744,1013.3253545800001,9.046714730769231
21.0,6,199.0,90.0,2648.0,15.0,1970,usa,amc gremlin,3.261025736,1201.11259576,11.20069442857143
10.0,8,360.0,215.0,4615.0,14.0,1970,usa,ford f250,5.89934304,2093.32878755,23.5214583
10.0,8,307.0,200.0,4376.0,15.0,1970,usa,chevy c20,5.030828648,1984.9202111200002,23.5214583
11.0,8,318.0,210.0,4382.0,13.5,1970,usa,dodge d200,5.211086352,1987.6417653400001,21.383143909090908
9.0,8,304.0,193.0,4732.0,18.5,1970,usa,hi 1200d,4.981667456,2146.39909484,26.134953666666668
27.0,4,97.0,88.0,2130.0,14.5,1971,japan,datsun pl510,1.5895452079999999,966.1517481000001,8.711651222222223
28.0,4,140.0,90.0,2264.0,15.5,1971,usa,chevrolet vega 2300,2.29418896,1026.93312568,8.400520821428572
25.0,4,113.0,95.0,2228.0,14.0,1971,japan,toyota corona,1.851738232,1010.60380036,9.40858332
25.0,4,98.0,,2046.0,19.0,1971,usa,ford pinto,1.605932272,928.04998902,9.40858332
19.0,6,232.0,100.0,2634.0,13.0,1971,usa,amc gremlin,3.801798848,1194.76230258,12.379714894736843
16.0,6,225.0,105.0,3439.0,15.5,1971,usa,plymouth satellite custom,3.6870894,1559.90416043,14.7009114375
17.0,6,250.0,100.0,3329.0,15.5,1971,usa,chevrolet chevelle malibu,4.096766,1510.0089997300001,13.836151941176471
19.0,6,250.0,88.0,3302.0,15.5,1971,usa,ford torino 500,4.096766,1497.7620057400002,12.379714894736843
18.0,6,232.0,100.0,3288.0,15.5,1971,usa,amc matador,3.801798848,1491.41171256,13.067476833333334
14.0,8,350.0,165.0,4209.0,12.0,1971,usa,chevrolet impala,5.7354724,1909.17028533,16.801041642857143
14.0,8,400.0,175.0,4464.0,11.5,1971,usa,pontiac catalina brougham,6.5548256,2024.83633968,16.801041642857143
14.0,8,351.0,153.0,4154.0,13.5,1971,usa,ford galaxie 500,5.751859464,1884.2227049800001,16.801041642857143
14.0,8,318.0,150.0,4096.0,13.0,1971,usa,plymouth fury iii,5.211086352,1857.91434752,16.801041642857143
12.0,8,383.0,180.0,4955.0,11.5,1971,usa,dodge monaco (sw),6.276245512,2247.55019335,19.60121525
13.0,8,400.0,170.0,4746.0,12.0,1971,usa,ford country squire (sw),6.5548256,2152.74938802,18.093429461538463
13.0,8,400.0,175.0,5140.0,12.0,1971,usa,pontiac safari (sw),6.5548256,2331.4647818000003,18.093429461538463
18.0,6,258.0,110.0,2962.0,13.5,1971,usa,amc hornet sportabout (sw),4.227862512,1343.54059994,13.067476833333334
22.0,4,140.0,72.0,2408.0,19.0,1971,usa,chevrolet vega (sw),2.29418896,1092.2504269600001,10.691571954545454
19.0,6,250.0,100.0,3282.0,15.0,1971,usa,pontiac firebird,4.096766,1488.6901583400002,12.379714894736843
18.0,6,250.0,88.0,3139.0,14.5,1971,usa,ford mustang,4.096766,1423.8264494300001,13.067476833333334
23.0,4,122.0,86.0,2220.0,14.0,1971,usa,mercury capri 2000,1.999221808,1006.9750614000001,10.226721
28.0,4,116.0,90.0,2123.0,14.0,1971,europe,opel 1900,1.900899424,962.97660151,8.400520821428572
30.0,4,79.0,70.0,2074.0,19.5,1971,europe,peugeot 304,1.294578056,940.7505753800001,7.840486100000001
30.0,4,88.0,76.0,2065.0,14.5,1971,europe,fiat 124b,1.442061632,936.66824405,7.840486100000001
31.0,4,71.0,65.0,1773.0,19.0,1971,japan,toyota corolla 1200,1.163481544,804.21927201,7.587567193548387
35.0,4,72.0,69.0,1613.0,18.0,1971,japan,datsun 1200,1.179868608,731.6444928100001,6.720416657142858
27.0,4,97.0,60.0,1834.0,19.0,1971,europe,volkswagen model 111,1.5895452079999999,831.88840658,8.711651222222223
26.0,4,91.0,70.0,1955.0,20.5,1971,usa,plymouth cricket,1.491222824,886.7730833500001,9.046714730769231
24.0,4,113.0,95.0,2278.0,15.5,1972,japan,toyota corona hardtop,1.851738232,1033.28341886,9.800607625
25.0,4,97.5,80.0,2126.0,17.0,1972,usa,dodge colt hardtop,1.59773874,964.3373786200001,9.40858332
23.0,4,97.0,54.0,2254.0,23.5,1972,europe,volkswagen type 3,1.5895452079999999,1022.3972019800001,10.226721
20.0,4,140.0,90.0,2408.0,19.5,1972,usa,chevrolet vega,2.29418896,1092.2504269600001,11.76072915
21.0,4,122.0,86.0,2226.0,16.5,1972,usa,ford pinto runabout,1.999221808,1009.6966156200001,11.20069442857143
13.0,8,350.0,165.0,4274.0,12.0,1972,usa,chevrolet impala,5.7354724,1938.65378938,18.093429461538463
14.0,8,400.0,175.0,4385.0,12.0,1972,usa,pontiac catalina,6.5548256,1989.0025424500002,16.801041642857143
15.0,8,318.0,150.0,4135.0,13.5,1972,usa,plymouth fury iii,5.211086352,1875.6044499500001,15.680972200000001
14.0,8,351.0,153.0,4129.0,13.0,1972,usa,ford galaxie 500,5.751859464,1872.8828957300002,16.801041642857143
17.0,8,304.0,150.0,3672.0,11.5,1972,usa,amc ambassador sst,4.981667456,1665.5911826400002,13.836151941176471
11.0,8,429.0,208.0,4633.0,11.0,1972,usa,mercury marquis,7.030050456,2101.49345021,21.383143909090908
13.0,8,350.0,155.0,4502.0,13.5,1972,usa,buick lesabre custom,5.7354724,2042.07284974,18.093429461538463
12.0,8,350.0,160.0,4456.0,13.5,1972,usa,oldsmobile delta 88 royale,5.7354724,2021.20760072,19.60121525
13.0,8,400.0,190.0,4422.0,12.5,1972,usa,chrysler newport royal,6.5548256,2005.7854601400002,18.093429461538463
19.0,3,70.0,97.0,2330.0,13.5,1972,japan,mazda rx2 coupe,1.14709448,1056.8702221,12.379714894736843
15.0,8,304.0,150.0,3892.0,12.5,1972,usa,amc matador (sw),4.981667456,1765.38150404,15.680972200000001
13.0,8,307.0,130.0,4098.0,14.0,1972,usa,chevrolet chevelle concours (sw),5.030828648,1858.8215322600001,18.093429461538463
13.0,8,302.0,140.0,4294.0,16.0,1972,usa,ford gran torino (sw),4.948893328,1947.72563678,18.093429461538463
14.0,8,318.0,150.0,4077.0,14.0,1972,usa,plymouth satellite custom (sw),5.211086352,1849.29609249,16.801041642857143
18.0,4,121.0,112.0,2933.0,14.5,1972,europe,volvo 145e (sw),1.982834744,1330.38642121,13.067476833333334
22.0,4,121.0,76.0,2511.0,18.0,1972,europe,volkswagen 411 (sw),1.982834744,1138.97044107,10.691571954545454
21.0,4,120.0,87.0,2979.0,19.5,1972,europe,peugeot 504 (sw),1.96644768,1351.2516702300002,11.20069442857143
26.0,4,96.0,69.0,2189.0,18.0,1972,europe,renault 12 (sw),1.573158144,992.91369793,9.046714730769231
22.0,4,122.0,86.0,2395.0,16.0,1972,usa,ford pinto (sw),1.999221808,1086.35372615,10.691571954545454
28.0,4,97.0,92.0,2288.0,17.0,1972,japan,datsun 510 (sw),1.5895452079999999,1037.81934256,8.400520821428572
23.0,4,120.0,97.0,2506.0,14.5,1972,japan,toyouta corona mark ii (sw),1.96644768,1136.70247922,10.226721
28.0,4,98.0,80.0,2164.0,15.0,1972,usa,dodge colt (sw),1.605932272,981.5738886800001,8.400520821428572
27.0,4,97.0,88.0,2100.0,16.5,1972,japan,toyota corolla 1600 (sw),1.5895452079999999,952.543977,8.711651222222223
13.0,8,350.0,175.0,4100.0,13.0,1973,usa,buick century 350,5.7354724,1859.7287170000002,18.093429461538463
14.0,8,304.0,150.0,3672.0,11.5,1973,usa,amc matador,4.981667456,1665.5911826400002,16.801041642857143
13.0,8,350.0,145.0,3988.0,13.0,1973,usa,chevrolet malibu,5.7354724,1808.92637156,18.093429461538463
14.0,8,302.0,137.0,4042.0,14.5,1973,usa,ford gran torino,4.948893328,1833.4203595400002,16.801041642857143
15.0,8,318.0,150.0,3777.0,12.5,1973,usa,dodge coronet custom,5.211086352,1713.2183814900002,15.680972200000001
12.0,8,429.0,198.0,4952.0,11.5,1973,usa,mercury marquis brougham,7.030050456,2246.18941624,19.60121525
13.0,8,400.0,150.0,4464.0,12.0,1973,usa,chevrolet caprice classic,6.5548256,2024.83633968,18.093429461538463
13.0,8,351.0,158.0,4363.0,13.0,1973,usa,ford ltd,5.751859464,1979.0235103100001,18.093429461538463
14.0,8,318.0,150.0,4237.0,14.5,1973,usa,plymouth fury gran sedan,5.211086352,1921.87087169,16.801041642857143
13.0,8,440.0,215.0,4735.0,11.0,1973,usa,chrysler new yorker brougham,7.21030816,2147.75987195,18.093429461538463
12.0,8,455.0,225.0,4951.0,11.0,1973,usa,buick electra 225 custom,7.45611412,2245.7358238700003,19.60121525
13.0,8,360.0,175.0,3821.0,11.0,1973,usa,amc ambassador brougham,5.89934304,1733.17644577,18.093429461538463
18.0,6,225.0,105.0,3121.0,16.5,1973,usa,plymouth valiant,3.6870894,1415.6617867700002,13.067476833333334
16.0,6,250.0,100.0,3278.0,18.0,1973,usa,chevrolet nova custom,4.096766,1486.87578886,14.7009114375
18.0,6,232.0,100.0,2945.0,16.0,1973,usa,amc hornet,3.801798848,1335.82952965,13.067476833333334
18.0,6,250.0,88.0,3021.0,16.5,1973,usa,ford maverick,4.096766,1370.30254977,13.067476833333334
23.0,6,198.0,95.0,2904.0,16.0,1973,usa,plymouth duster,3.244638672,1317.23224248,10.226721
26.0,4,97.0,46.0,1950.0,21.0,1973,europe,volkswagen super beetle,1.5895452079999999,884.5051215000001,9.046714730769231
11.0,8,400.0,150.0,4997.0,14.0,1973,usa,chevrolet impala,6.5548256,2266.60107289,21.383143909090908
12.0,8,400.0,167.0,4906.0,12.5,1973,usa,ford country,6.5548256,2225.32416722,19.60121525
13.0,8,360.0,170.0,4654.0,13.0,1973,usa,plymouth custom suburb,5.89934304,2111.01888998,18.093429461538463
12.0,8,350.0,180.0,4499.0,12.5,1973,usa,oldsmobile vista cruiser,5.7354724,2040.7120726300002,19.60121525
18.0,6,232.0,100.0,2789.0,15.0,1973,usa,amc gremlin,3.801798848,1265.0691199300002,13.067476833333334
20.0,4,97.0,88.0,2279.0,19.0,1973,japan,toyota carina,1.5895452079999999,1033.73701123,11.76072915
21.0,4,140.0,72.0,2401.0,19.5,1973,usa,chevrolet vega,2.29418896,1089.07528037,11.20069442857143
22.0,4,108.0,94.0,2379.0,16.5,1973,japan,datsun 610,1.769802912,1079.0962482300001,10.691571954545454
18.0,3,70.0,90.0,2124.0,13.5,1973,japan,maxda rx3,1.14709448,963.43019388,13.067476833333334
19.0,4,122.0,85.0,2310.0,18.5,1973,usa,ford pinto,1.999221808,1047.7983747,12.379714894736843
21.0,6,155.0,107.0,2472.0,14.0,1973,usa,mercury capri v6,2.53999492,1121.28033864,11.20069442857143
26.0,4,98.0,90.0,2265.0,15.5,1973,europe,fiat 124 sport coupe,1.605932272,1027.3867180500001,9.046714730769231
15.0,8,350.0,145.0,4082.0,13.0,1973,usa,chevrolet monte carlo s,5.7354724,1851.56405434,15.680972200000001
16.0,8,400.0,230.0,4278.0,9.5,1973,usa,pontiac grand prix,6.5548256,1940.4681588600001,14.7009114375
29.0,4,68.0,49.0,1867.0,19.5,1973,europe,fiat 128,1.114320352,846.85695479,8.110847689655172
24.0,4,116.0,75.0,2158.0,15.5,1973,europe,opel manta,1.900899424,978.8523344600001,9.800607625
20.0,4,114.0,91.0,2582.0,14.0,1973,europe,audi 100ls,1.8681252959999999,1171.17549934,11.76072915
19.0,4,121.0,112.0,2868.0,15.5,1973,europe,volvo 144ea,1.982834744,1300.90291716,12.379714894736843
15.0,8,318.0,150.0,3399.0,11.0,1973,usa,dodge dart custom,5.211086352,1541.76046563,15.680972200000001
24.0,4,121.0,110.0,2660.0,14.0,1973,europe,saab 99le,1.982834744,1206.5557042,9.800607625
20.0,6,156.0,122.0,2807.0,13.5,1973,japan,toyota mark ii,2.556381984,1273.2337825900001,11.76072915
11.0,8,350.0,180.0,3664.0,11.0,1973,usa,oldsmobile omega,5.7354724,1661.96244368,21.383143909090908
20.0,6,198.0,95.0,3102.0,16.5,1974,usa,plymouth duster,3.244638672,1407.0435317400002,11.76072915
21.0,6,200.0,,2875.0,17.0,1974,usa,ford maverick,3.2774128,1304.07806375,11.20069442857143
19.0,6,232.0,100.0,2901.0,16.0,1974,usa,amc hornet,3.801798848,1315.8714653700001,12.379714894736843
15.0,6,250.0,100.0,3336.0,17.0,1974,usa,chevrolet nova,4.096766,1513.18414632,15.680972200000001
31.0,4,79.0,67.0,1950.0,19.0,1974,japan,datsun b210,1.294578056,884.5051215000001,7.587567193548387
26.0,4,122.0,80.0,2451.0,16.5,1974,usa,ford pinto,1.999221808,1111.75489887,9.046714730769231
32.0,4,71.0,65.0,1836.0,21.0,1974,japan,toyota corolla 1200,1.163481544,832.7955913200001,7.35045571875
25.0,4,140.0,75.0,2542.0,17.0,1974,usa,chevrolet vega,2.29418896,1153.0318045400002,9.40858332
16.0,6,250.0,100.0,3781.0,17.0,1974,usa,chevrolet chevelle malibu classic,4.096766,1715.03275097,14.7009114375
16.0,6,258.0,110.0,3632.0,18.0,1974,usa,amc matador,4.227862512,1647.4474878400001,14.7009114375
18.0,6,225.0,105.0,3613.0,16.5,1974,usa,plymouth satellite sebring,3.6870894,1638.8292328100001,13.067476833333334
16.0,8,302.0,140.0,4141.0,14.0,1974,usa,ford gran torino,4.948893328,1878.32600417,14.7009114375
13.0,8,350.0,150.0,4699.0,14.5,1974,usa,buick century luxus (sw),5.7354724,2131.43054663,18.093429461538463
14.0,8,318.0,150.0,4457.0,13.5,1974,usa,dodge coronet custom (sw),5.211086352,2021.66119309,16.801041642857143
14.0,8,302.0,140.0,4638.0,16.0,1974,usa,ford gran torino (sw),4.948893328,2103.76141206,16.801041642857143
14.0,8,304.0,150.0,4257.0,15.5,1974,usa,amc matador (sw),4.981667456,1930.94271909,16.801041642857143
29.0,4,98.0,83.0,2219.0,16.5,1974,europe,audi fox,1.605932272,1006.52146903,8.110847689655172
26.0,4,79.0,67.0,1963.0,15.5,1974,europe,volkswagen dasher,1.294578056,890.4018223100001,9.046714730769231
26.0,4,97.0,78.0,2300.0,14.5,1974,europe,opel manta,1.5895452079999999,1043.262451,9.046714730769231
31.0,4,76.0,52.0,1649.0,16.5,1974,japan,toyota corona,1.245416864,747.97381813,7.587567193548387
32.0,4,83.0,61.0,2003.0,19.0,1974,japan,datsun 710,1.360126312,908.54551711,7.35045571875
28.0,4,90.0,75.0,2125.0,14.5,1974,usa,dodge colt,1.47483576,963.8837862500001,8.400520821428572
24.0,4,90.0,75.0,2108.0,15.5,1974,europe,fiat 128,1.47483576,956.17271596,9.800607625
26.0,4,116.0,75.0,2246.0,14.0,1974,europe,fiat 124 tc,1.900899424,1018.76846302,9.046714730769231
24.0,4,120.0,97.0,2489.0,15.0,1974,japan,honda civic,1.96644768,1128.99140893,9.800607625
26.0,4,108.0,93.0,2391.0,15.5,1974,japan,subaru,1.769802912,1084.53935667,9.046714730769231
31.0,4,79.0,67.0,2000.0,16.0,1974,europe,fiat x1.9,1.294578056,907.18474,7.587567193548387
19.0,6,225.0,95.0,3264.0,16.0,1975,usa,plymouth valiant custom,3.6870894,1480.5254956800002,12.379714894736843
18.0,6,250.0,105.0,3459.0,16.0,1975,usa,chevrolet nova,4.096766,1568.97600783,13.067476833333334
15.0,6,250.0,72.0,3432.0,21.0,1975,usa,mercury monarch,4.096766,1556.72901384,15.680972200000001
15.0,6,250.0,72.0,3158.0,19.5,1975,usa,ford maverick,4.096766,1432.4447044600001,15.680972200000001
16.0,8,400.0,170.0,4668.0,11.5,1975,usa,pontiac catalina,6.5548256,2117.36918316,14.7009114375
15.0,8,350.0,145.0,4440.0,14.0,1975,usa,chevrolet bel air,5.7354724,2013.9501228000001,15.680972200000001
16.0,8,318.0,150.0,4498.0,14.5,1975,usa,plymouth grand fury,5.211086352,2040.2584802600002,14.7009114375
14.0,8,351.0,148.0,4657.0,13.5,1975,usa,ford ltd,5.751859464,2112.37966709,16.801041642857143
17.0,6,231.0,110.0,3907.0,21.0,1975,usa,buick century,3.785411784,1772.18538959,13.836151941176471
16.0,6,250.0,105.0,3897.0,18.5,1975,usa,chevroelt chevelle malibu,4.096766,1767.64946589,14.7009114375
15.0,6,258.0,110.0,3730.0,19.0,1975,usa,amc matador,4.227862512,1691.8995401000002,15.680972200000001
18.0,6,225.0,95.0,3785.0,19.0,1975,usa,plymouth fury,3.6870894,1716.8471204500001,13.067476833333334
21.0,6,231.0,110.0,3039.0,15.0,1975,usa,buick skyhawk,3.785411784,1378.46721243,11.20069442857143
20.0,8,262.0,110.0,3221.0,13.5,1975,usa,chevrolet monza 2+2,4.293410768,1461.02102377,11.76072915
13.0,8,302.0,129.0,3169.0,12.0,1975,usa,ford mustang ii,4.948893328,1437.4342205300002,18.093429461538463
29.0,4,97.0,75.0,2171.0,16.0,1975,japan,toyota corolla,1.5895452079999999,984.74903527,8.110847689655172
23.0,4,140.0,83.0,2639.0,17.0,1975,usa,ford pinto,2.29418896,1197.03026443,10.226721
20.0,6,232.0,100.0,2914.0,16.0,1975,usa,amc gremlin,3.801798848,1321.76816618,11.76072915
23.0,4,140.0,78.0,2592.0,18.5,1975,usa,pontiac astro,2.29418896,1175.71142304,10.226721
24.0,4,134.0,96.0,2702.0,13.5,1975,japan,toyota corona,2.195866576,1225.6065837400001,9.800607625
25.0,4,90.0,71.0,2223.0,16.5,1975,europe,volkswagen dasher,1.47483576,1008.33583851,9.40858332
24.0,4,119.0,97.0,2545.0,17.0,1975,japan,datsun 710,1.950060616,1154.39258165,9.800607625
18.0,6,171.0,97.0,2984.0,14.5,1975,usa,ford pinto,2.802187944,1353.51963208,13.067476833333334
29.0,4,90.0,70.0,1937.0,14.0,1975,europe,volkswagen rabbit,1.47483576,878.60842069,8.110847689655172
19.0,6,232.0,90.0,3211.0,17.0,1975,usa,amc pacer,3.801798848,1456.48510007,12.379714894736843
23.0,4,115.0,95.0,2694.0,15.0,1975,europe,audi 100ls,1.88451236,1221.9778447800002,10.226721
23.0,4,120.0,88.0,2957.0,17.0,1975,europe,peugeot 504,1.96644768,1341.27263809,10.226721
22.0,4,121.0,98.0,2945.0,14.5,1975,europe,volvo 244dl,1.982834744,1335.82952965,10.691571954545454
25.0,4,121.0,115.0,2671.0,13.5,1975,europe,saab 99le,1.982834744,1211.54522027,9.40858332
33.0,4,91.0,53.0,1795.0,17.5,1975,japan,honda civic cvcc,1.491222824,814.19830415,7.127714636363637
28.0,4,107.0,86.0,2464.0,15.5,1976,europe,fiat 131,1.753415848,1117.6515996800001,8.400520821428572
25.0,4,116.0,81.0,2220.0,16.9,1976,europe,opel 1900,1.900899424,1006.9750614000001,9.40858332
25.0,4,140.0,92.0,2572.0,14.9,1976,usa,capri ii,2.29418896,1166.63957564,9.40858332
26.0,4,98.0,79.0,2255.0,17.7,1976,usa,dodge colt,1.605932272,1022.85079435,9.046714730769231
27.0,4,101.0,83.0,2202.0,15.3,1976,europe,renault 12tl,1.655093464,998.8103987400001,8.711651222222223
17.5,8,305.0,140.0,4215.0,13.0,1976,usa,chevrolet chevelle malibu classic,4.99805452,1911.89183955,13.440833314285715
16.0,8,318.0,150.0,4190.0,13.0,1976,usa,dodge coronet brougham,5.211086352,1900.5520303,14.7009114375
15.5,8,304.0,120.0,3962.0,13.9,1976,usa,amc matador,4.981667456,1797.13296994,15.175134387096774
14.5,8,351.0,152.0,4215.0,12.8,1976,usa,ford gran torino,5.751859464,1911.89183955,16.221695379310344
22.0,6,225.0,100.0,3233.0,15.4,1976,usa,plymouth valiant,3.6870894,1466.4641322100001,10.691571954545454
22.0,6,250.0,105.0,3353.0,14.5,1976,usa,chevrolet nova,4.096766,1520.89521661,10.691571954545454
24.0,6,200.0,81.0,3012.0,17.6,1976,usa,ford maverick,3.2774128,1366.22021844,9.800607625
22.5,6,232.0,90.0,3085.0,17.6,1976,usa,amc hornet,3.801798848,1399.33246145,10.453981466666667
29.0,4,85.0,52.0,2035.0,22.2,1976,usa,chevrolet chevette,1.39290044,923.0604729500001,8.110847689655172
24.5,4,98.0,60.0,2164.0,22.1,1976,usa,chevrolet woody,1.605932272,981.5738886800001,9.600595224489796
29.0,4,90.0,70.0,1937.0,14.2,1976,europe,vw rabbit,1.47483576,878.60842069,8.110847689655172
33.0,4,91.0,53.0,1795.0,17.4,1976,japan,honda civic,1.491222824,814.19830415,7.127714636363637
20.0,6,225.0,100.0,3651.0,17.7,1976,usa,dodge aspen se,3.6870894,1656.0657428700001,11.76072915
18.0,6,250.0,78.0,3574.0,21.0,1976,usa,ford granada ghia,4.096766,1621.13913038,13.067476833333334
18.5,6,250.0,110.0,3645.0,16.2,1976,usa,pontiac ventura sj,4.096766,1653.34418865,12.714301783783784
17.5,6,258.0,95.0,3193.0,17.8,1976,usa,amc pacer d/l,4.227862512,1448.32043741,13.440833314285715
29.5,4,97.0,71.0,1825.0,12.2,1976,europe,volkswagen rabbit,1.5895452079999999,827.80607525,7.973375694915254
32.0,4,85.0,70.0,1990.0,17.0,1976,japan,datsun b-210,1.39290044,902.6488163,7.35045571875
28.0,4,97.0,75.0,2155.0,16.4,1976,japan,toyota corolla,1.5895452079999999,977.49155735,8.400520821428572
26.5,4,140.0,72.0,2565.0,13.6,1976,usa,ford pinto,2.29418896,1163.46442905,8.876022
20.0,4,130.0,102.0,3150.0,15.7,1976,europe,volvo 245,2.1303183199999998,1428.8159655000002,11.76072915
13.0,8,318.0,150.0,3940.0,13.2,1976,usa,plymouth volare premier v8,5.211086352,1787.1539378,18.093429461538463
19.0,4,120.0,88.0,3270.0,21.9,1976,europe,peugeot 504,1.96644768,1483.2470499,12.379714894736843
19.0,6,156.0,108.0,2930.0,15.5,1976,japan,toyota mark ii,2.556381984,1329.0256441000001,12.379714894736843
16.5,6,168.0,120.0,3820.0,16.7,1976,europe,mercedes-benz 280s,2.753026752,1732.7228534,14.255429272727273
16.5,8,350.0,180.0,4380.0,12.1,1976,usa,cadillac seville,5.7354724,1986.7345806,14.255429272727273
13.0,8,350.0,145.0,4055.0,12.0,1976,usa,chevy c10,5.7354724,1839.31706035,18.093429461538463
13.0,8,302.0,130.0,3870.0,15.0,1976,usa,ford f108,4.948893328,1755.4024719000001,18.093429461538463
13.0,8,318.0,150.0,3755.0,14.0,1976,usa,dodge d100,5.211086352,1703.23934935,18.093429461538463
31.5,4,98.0,68.0,2045.0,18.5,1977,japan,honda accord cvcc,1.605932272,927.5963966500001,7.467129619047619
30.0,4,111.0,80.0,2155.0,14.8,1977,usa,buick opel isuzu deluxe,1.818964104,977.49155735,7.840486100000001
36.0,4,79.0,58.0,1825.0,18.6,1977,europe,renault 5 gtl,1.294578056,827.80607525,6.533738416666667
25.5,4,122.0,96.0,2300.0,15.5,1977,usa,plymouth arrow gs,1.999221808,1043.262451,9.224101294117647
33.5,4,85.0,70.0,1945.0,16.8,1977,japan,datsun f-10 hatchback,1.39290044,882.2371596500001,7.021330835820896
17.5,8,305.0,145.0,3880.0,12.5,1977,usa,chevrolet caprice classic,4.99805452,1759.9383956000001,13.440833314285715
17.0,8,260.0,110.0,4060.0,19.0,1977,usa,oldsmobile cutlass supreme,4.2606366399999995,1841.5850222000001,13.836151941176471
15.5,8,318.0,145.0,4140.0,13.7,1977,usa,dodge monaco brougham,5.211086352,1877.8724118,15.175134387096774
15.0,8,302.0,130.0,4295.0,14.9,1977,usa,mercury cougar brougham,4.948893328,1948.17922915,15.680972200000001
17.5,6,250.0,110.0,3520.0,16.4,1977,usa,chevrolet concours,4.096766,1596.6451424000002,13.440833314285715
20.5,6,231.0,105.0,3425.0,16.9,1977,usa,buick skylark,3.785411784,1553.5538672500002,11.473882097560976
19.0,6,225.0,100.0,3630.0,17.7,1977,usa,plymouth volare custom,3.6870894,1646.5403031,12.379714894736843
18.5,6,250.0,98.0,3525.0,19.0,1977,usa,ford granada,4.096766,1598.91310425,12.714301783783784
16.0,8,400.0,180.0,4220.0,11.1,1977,usa,pontiac grand prix lj,6.5548256,1914.1598014,14.7009114375
15.5,8,350.0,170.0,4165.0,11.4,1977,usa,chevrolet monte carlo landau,5.7354724,1889.2122210500002,15.175134387096774
15.5,8,400.0,190.0,4325.0,12.2,1977,usa,chrysler cordoba,6.5548256,1961.7870002500001,15.175134387096774
16.0,8,351.0,149.0,4335.0,14.5,1977,usa,ford thunderbird,5.751859464,1966.3229239500001,14.7009114375
29.0,4,97.0,78.0,1940.0,14.5,1977,europe,volkswagen rabbit custom,1.5895452079999999,879.9691978000001,8.110847689655172
24.5,4,151.0,88.0,2740.0,16.0,1977,usa,pontiac sunbird coupe,2.474446664,1242.8430938000001,9.600595224489796
26.0,4,97.0,75.0,2265.0,18.2,1977,japan,toyota corolla liftback,1.5895452079999999,1027.3867180500001,9.046714730769231
25.5,4,140.0,89.0,2755.0,15.8,1977,usa,ford mustang ii 2+2,2.29418896,1249.64697935,9.224101294117647
30.5,4,98.0,63.0,2051.0,17.0,1977,usa,chevrolet chevette,1.605932272,930.31795087,7.711953540983607
33.5,4,98.0,83.0,2075.0,15.9,1977,usa,dodge colt m/m,1.605932272,941.20416775,7.021330835820896
30.0,4,97.0,67.0,1985.0,16.4,1977,japan,subaru dl,1.5895452079999999,900.38085445,7.840486100000001
30.5,4,97.0,78.0,2190.0,14.1,1977,europe,volkswagen dasher,1.5895452079999999,993.3672903,7.711953540983607
22.0,6,146.0,97.0,2815.0,14.5,1977,japan,datsun 810,2.392511344,1276.86252155,10.691571954545454
21.5,4,121.0,110.0,2600.0,12.8,1977,europe,bmw 320i,1.982834744,1179.340162,10.940213162790698
21.5,3,80.0,110.0,2720.0,13.5,1977,japan,mazda rx-4,1.31096512,1233.7712464,10.940213162790698
43.1,4,90.0,48.0,1985.0,21.5,1978,europe,volkswagen rabbit custom diesel,1.47483576,900.38085445,5.4574149187935035
36.1,4,98.0,66.0,1800.0,14.4,1978,usa,ford fiesta,1.605932272,816.466266,6.515639418282548
32.8,4,78.0,52.0,1985.0,19.4,1978,japan,mazda glc deluxe,1.278190992,900.38085445,7.171176310975611
39.4,4,85.0,70.0,2070.0,18.6,1978,japan,datsun b210 gx,1.39290044,938.9362059,5.969913274111676
36.1,4,91.0,60.0,1800.0,16.4,1978,japan,honda civic cvcc,1.491222824,816.466266,6.515639418282548
19.9,8,260.0,110.0,3365.0,15.5,1978,usa,oldsmobile cutlass salon brougham,4.2606366399999995,1526.33832505,11.819828291457288
19.4,8,318.0,140.0,3735.0,13.2,1978,usa,dodge diplomat,5.211086352,1694.16750195,12.124463041237114
20.2,8,302.0,139.0,3570.0,12.8,1978,usa,mercury monarch ghia,4.948893328,1619.3247609,11.644286287128713
19.2,6,231.0,105.0,3535.0,19.2,1978,usa,pontiac phoenix lj,3.785411784,1603.44902795,12.25075953125
20.5,6,200.0,95.0,3155.0,18.2,1978,usa,chevrolet malibu,3.2774128,1431.08392735,11.473882097560976
20.2,6,200.0,85.0,2965.0,15.8,1978,usa,ford fairmont (auto),3.2774128,1344.90137705,11.644286287128713
25.1,4,140.0,88.0,2720.0,15.4,1978,usa,ford fairmont (man),2.29418896,1233.7712464,9.371098924302789
20.5,6,225.0,100.0,3430.0,17.2,1978,usa,plymouth volare,3.6870894,1555.8218291,11.473882097560976
19.4,6,232.0,90.0,3210.0,17.2,1978,usa,amc concord,3.801798848,1456.0315077,12.124463041237114
20.6,6,231.0,105.0,3380.0,15.8,1978,usa,buick century special,3.785411784,1533.1422106,11.418183640776698
20.8,6,200.0,85.0,3070.0,16.7,1978,usa,mercury zephyr,3.2774128,1392.5285759,11.308393413461538
18.6,6,225.0,110.0,3620.0,18.7,1978,usa,dodge aspen,3.6870894,1642.0043794,12.645945322580644
18.1,6,258.0,120.0,3410.0,15.1,1978,usa,amc concord d/l,4.227862512,1546.7499817,12.995280828729282
19.2,8,305.0,145.0,3425.0,13.2,1978,usa,chevrolet monte carlo landau,4.99805452,1553.5538672500002,12.25075953125
17.7,6,231.0,165.0,3445.0,13.4,1978,usa,buick regal sport coupe (turbo),3.785411784,1562.6257146500002,13.288959491525425
18.1,8,302.0,139.0,3205.0,11.2,1978,usa,ford futura,4.948893328,1453.7635458500001,12.995280828729282
17.5,8,318.0,140.0,4080.0,13.7,1978,usa,dodge magnum xe,5.211086352,1850.6568696000002,13.440833314285715
30.0,4,98.0,68.0,2155.0,16.5,1978,usa,chevrolet chevette,1.605932272,977.49155735,7.840486100000001
27.5,4,134.0,95.0,2560.0,14.2,1978,japan,toyota corona,2.195866576,1161.1964672000001,8.553257563636365
27.2,4,119.0,97.0,2300.0,14.7,1978,japan,datsun 510,1.950060616,1043.262451,8.647594963235294
30.9,4,105.0,75.0,2230.0,14.5,1978,usa,dodge omni,1.72064172,1011.5109851000001,7.612122427184467
21.1,4,134.0,95.0,2515.0,14.8,1978,japan,toyota celica gt liftback,2.195866576,1140.78481055,11.14761056872038
23.2,4,156.0,105.0,2745.0,16.7,1978,usa,plymouth sapporo,2.556381984,1245.11105565,10.138559612068965
23.8,4,151.0,85.0,2855.0,17.6,1978,usa,oldsmobile starfire sx,2.474446664,1295.0062163500002,9.882965672268908
23.9,4,119.0,97.0,2405.0,14.9,1978,japan,datsun 200-sx,1.950060616,1090.88964985,9.841614351464436
20.3,5,131.0,103.0,2830.0,15.9,1978,europe,audi 5000,2.146705384,1283.6664071,11.58692527093596
17.0,6,163.0,125.0,3140.0,13.6,1978,europe,volvo 264gl,2.671091432,1424.2800418000002,13.836151941176471
21.6,4,121.0,115.0,2795.0,15.7,1978,europe,saab 99gle,1.982834744,1267.79067415,10.889564027777777
16.2,6,163.0,133.0,3410.0,15.8,1978,europe,peugeot 604sl,2.671091432,1546.7499817,14.519418703703705
31.5,4,89.0,71.0,1990.0,14.9,1978,europe,volkswagen scirocco,1.458448696,902.6488163,7.467129619047619
29.5,4,98.0,68.0,2135.0,16.6,1978,japan,honda accord lx,1.605932272,968.4197099500001,7.973375694915254
21.5,6,231.0,115.0,3245.0,15.4,1979,usa,pontiac lemans v6,3.785411784,1471.9072406500002,10.940213162790698
19.8,6,200.0,85.0,2990.0,18.2,1979,usa,mercury zephyr 6,3.2774128,1356.2411863,11.879524393939393
22.3,4,140.0,88.0,2890.0,17.3,1979,usa,ford fairmont 4,2.29418896,1310.8819493,10.547739147982062
20.2,6,232.0,90.0,3265.0,18.2,1979,usa,amc concord dl 6,3.801798848,1480.97908805,11.644286287128713
20.6,6,225.0,110.0,3360.0,16.6,1979,usa,dodge aspen 6,3.6870894,1524.0703632,11.418183640776698
17.0,8,305.0,130.0,3840.0,15.4,1979,usa,chevrolet caprice classic,4.99805452,1741.7947008,13.836151941176471
17.6,8,302.0,129.0,3725.0,13.4,1979,usa,ford ltd landau,4.948893328,1689.63157825,13.364464943181817
16.5,8,351.0,138.0,3955.0,13.2,1979,usa,mercury grand marquis,5.751859464,1793.9578233500001,14.255429272727273
18.2,8,318.0,135.0,3830.0,15.2,1979,usa,dodge st. regis,5.211086352,1737.2587771,12.923878186813187
16.9,8,350.0,155.0,4360.0,14.9,1979,usa,buick estate wagon (sw),5.7354724,1977.6627332,13.918022662721896
15.5,8,351.0,142.0,4054.0,14.3,1979,usa,ford country squire (sw),5.751859464,1838.86346798,15.175134387096774
19.2,8,267.0,125.0,3605.0,15.0,1979,usa,chevrolet malibu classic (sw),4.375346088,1635.2004938500002,12.25075953125
18.5,8,360.0,150.0,3940.0,13.0,1979,usa,chrysler lebaron town @ country (sw),5.89934304,1787.1539378,12.714301783783784
31.9,4,89.0,71.0,1925.0,14.0,1979,europe,vw rabbit custom,1.458448696,873.16531225,7.373497899686521
34.1,4,86.0,65.0,1975.0,15.2,1979,japan,maxda glc deluxe,1.409287504,895.84493075,6.897788357771261
35.7,4,98.0,80.0,1915.0,14.4,1979,usa,dodge colt hatchback custom,1.605932272,868.62938855,6.588643781512604
27.4,4,121.0,80.0,2670.0,15.0,1979,usa,amc spirit dl,1.982834744,1211.0916279,8.584473832116789
25.4,5,183.0,77.0,3530.0,20.1,1979,europe,mercedes benz 300d,2.998832712,1601.1810661000002,9.260416653543308
23.0,8,350.0,125.0,3900.0,17.4,1979,usa,cadillac eldorado,5.7354724,1769.0102430000002,10.226721
27.2,4,141.0,71.0,3190.0,24.8,1979,europe,peugeot 504,2.310576024,1446.9596603,8.647594963235294
23.9,8,260.0,90.0,3420.0,22.2,1979,usa,oldsmobile cutlass salon brougham,4.2606366399999995,1551.2859054,9.841614351464436
34.2,4,105.0,70.0,2200.0,13.2,1979,usa,plymouth horizon,1.72064172,997.903214,6.877619385964912
34.5,4,105.0,70.0,2150.0,14.9,1979,usa,plymouth horizon tc3,1.72064172,975.2235955000001,6.817814
31.8,4,85.0,65.0,2020.0,19.2,1979,japan,datsun 210,1.39290044,916.2565874000001,7.396685
37.3,4,91.0,69.0,2130.0,14.7,1979,europe,fiat strada custom,1.491222824,966.1517481000001,6.306020991957105
28.4,4,151.0,90.0,2670.0,16.0,1979,usa,buick skylark limited,2.474446664,1211.0916279,8.282203626760564
28.8,6,173.0,115.0,2595.0,11.3,1979,usa,chevrolet citation,2.834962072,1177.07220015,8.167173020833333
26.8,6,173.0,115.0,2700.0,12.9,1979,usa,oldsmobile omega brougham,2.834962072,1224.699399,8.776663544776119
33.5,4,151.0,90.0,2556.0,13.2,1979,usa,pontiac phoenix,2.474446664,1159.38209772,7.021330835820896
41.5,4,98.0,76.0,2144.0,14.7,1980,europe,vw rabbit,1.605932272,972.5020412800001,5.667821277108434
38.1,4,89.0,60.0,1968.0,18.8,1980,japan,toyota corolla tercel,1.458448696,892.6697841600001,6.173611102362204
32.1,4,98.0,70.0,2120.0,15.5,1980,usa,chevrolet chevette,1.605932272,961.6158244000001,7.3275571028037385
37.2,4,86.0,65.0,2019.0,16.4,1980,japan,datsun 310,1.409287504,915.80299503,6.322972661290322
28.0,4,151.0,90.0,2678.0,16.5,1980,usa,chevrolet citation,2.474446664,1214.72036686,8.400520821428572
26.4,4,140.0,88.0,2870.0,18.1,1980,usa,ford fairmont,2.29418896,1301.8101019,8.909643295454545
24.3,4,151.0,90.0,3003.0,20.1,1980,usa,amc concord,2.474446664,1362.13788711,9.679612469135803
19.1,6,225.0,90.0,3381.0,18.7,1980,usa,dodge aspen,3.6870894,1533.59580297,12.314899633507853
34.3,4,97.0,78.0,2188.0,15.8,1980,europe,audi 4000,1.5895452079999999,992.4601055600001,6.857568017492712
29.8,4,134.0,90.0,2711.0,15.5,1980,japan,toyota corona liftback,2.195866576,1229.6889150700001,7.8931068120805365
31.3,4,120.0,75.0,2542.0,17.5,1980,japan,mazda 626,1.96644768,1153.0318045400002,7.514842907348243
37.0,4,119.0,92.0,2434.0,15.0,1980,japan,datsun 510 hatchback,1.950060616,1104.04382858,6.357150891891892
32.2,4,108.0,75.0,2265.0,15.2,1980,japan,toyota corolla,1.769802912,1027.3867180500001,7.304800714285713
46.6,4,86.0,65.0,2110.0,17.9,1980,japan,mazda glc,1.409287504,957.0799007,5.047523240343348
27.9,4,156.0,105.0,2800.0,14.4,1980,usa,dodge colt,2.556381984,1270.058636,8.430630215053764
40.8,4,85.0,65.0,2110.0,19.2,1980,japan,datsun 210,1.39290044,957.0799007,5.76506330882353
44.3,4,90.0,48.0,2085.0,21.7,1980,europe,vw rabbit c (diesel),1.47483576,945.74009145,5.309584266365689
43.4,4,90.0,48.0,2335.0,23.7,1980,europe,vw dasher (diesel),1.47483576,1059.13818395,5.419690852534562
36.4,5,121.0,67.0,2950.0,19.9,1980,europe,audi 5000s (diesel),1.982834744,1338.0974915000002,6.461939093406594
30.0,4,146.0,67.0,3250.0,21.8,1980,europe,mercedes-benz 240d,2.392511344,1474.1752025,7.840486100000001
44.6,4,91.0,67.0,1850.0,13.8,1980,japan,honda civic 1500 gl,1.491222824,839.1458845000001,5.273869573991031
40.9,4,85.0,,1835.0,17.3,1980,europe,renault lecar deluxe,1.39290044,832.3419989500001,5.7509677995110025
33.8,4,97.0,67.0,2145.0,18.0,1980,japan,subaru dl,1.5895452079999999,972.9556336500001,6.959011331360948
29.8,4,89.0,62.0,1845.0,15.3,1980,europe,vokswagen rabbit,1.458448696,836.8779226500001,7.8931068120805365
32.7,6,168.0,132.0,2910.0,11.4,1980,japan,datsun 280-zx,2.753026752,1319.9537967,7.193106513761467
23.7,3,70.0,100.0,2420.0,12.5,1980,japan,mazda rx-7 gs,1.14709448,1097.6935354,9.924665949367089
35.0,4,122.0,88.0,2500.0,15.1,1980,europe,triumph tr7 coupe,1.999221808,1133.980925,6.720416657142858
23.6,4,140.0,,2905.0,14.3,1980,usa,ford mustang cobra,2.29418896,1317.68583485,9.966719618644067
32.4,4,107.0,72.0,2290.0,17.0,1980,japan,honda accord,1.753415848,1038.7265273,7.2597093518518525
27.2,4,135.0,84.0,2490.0,15.7,1981,usa,plymouth reliant,2.21225364,1129.4450013,8.647594963235294
26.6,4,151.0,84.0,2635.0,16.4,1981,usa,buick skylark,2.474446664,1195.2158949500001,8.842653496240601
25.8,4,156.0,92.0,2620.0,14.4,1981,usa,dodge aries wagon (sw),2.556381984,1188.4120094,9.116844302325582
23.5,6,173.0,110.0,2725.0,12.6,1981,usa,chevrolet citation,2.834962072,1236.03920825,10.009131191489361
30.0,4,135.0,84.0,2385.0,12.9,1981,usa,plymouth reliant,2.21225364,1081.81780245,7.840486100000001
39.1,4,79.0,58.0,1755.0,16.9,1981,japan,toyota starlet,1.294578056,796.0546093500001,6.015718235294117
39.0,4,86.0,64.0,1875.0,16.4,1981,usa,plymouth champ,1.409287504,850.48569375,6.031143153846154
35.1,4,81.0,60.0,1760.0,16.1,1981,japan,honda civic 1300,1.327352184,798.3225712000001,6.7012701709401705
32.3,4,97.0,67.0,2065.0,17.8,1981,japan,subaru,1.5895452079999999,936.66824405,7.2821852321981435
37.0,4,85.0,65.0,1975.0,19.4,1981,japan,datsun 210 mpg,1.39290044,895.84493075,6.357150891891892
37.7,4,89.0,62.0,2050.0,17.3,1981,japan,toyota tercel,1.458448696,929.8643585000001,6.239113607427055
34.1,4,91.0,68.0,1985.0,16.0,1981,japan,mazda glc 4,1.491222824,900.38085445,6.897788357771261
34.7,4,105.0,63.0,2215.0,14.9,1981,usa,plymouth horizon 4,1.72064172,1004.7070995500001,6.778518242074927
34.4,4,98.0,65.0,2045.0,16.2,1981,usa,ford escort 4w,1.605932272,927.5963966500001,6.837633226744186
29.9,4,98.0,65.0,2380.0,20.7,1981,usa,ford escort 2h,1.605932272,1079.5498406000002,7.866708461538462
33.0,4,105.0,74.0,2190.0,14.2,1981,europe,volkswagen jetta,1.72064172,993.3672903,7.127714636363637
34.5,4,100.0,,2320.0,15.8,1981,europe,renault 18i,1.6387064,1052.3342984,6.817814
33.7,4,107.0,75.0,2210.0,14.4,1981,japan,honda prelude,1.753415848,1002.4391377000001,6.9796612166172105
32.4,4,108.0,75.0,2350.0,16.8,1981,japan,toyota corolla,1.769802912,1065.9420695000001,7.2597093518518525
32.9,4,119.0,100.0,2615.0,14.8,1981,japan,datsun 200sx,1.950060616,1186.14404755,7.149379422492402
31.6,4,120.0,74.0,2635.0,18.3,1981,japan,mazda 626,1.96644768,1195.2158949500001,7.443499462025316
28.1,4,141.0,80.0,3230.0,20.4,1981,europe,peugeot 505s turbo diesel,2.310576024,1465.1033551,8.370625729537366
30.7,6,145.0,76.0,3160.0,19.6,1981,europe,volvo diesel,2.37612428,1433.3518892,7.661712801302932
25.4,6,168.0,116.0,2900.0,12.6,1981,japan,toyota cressida,2.753026752,1315.417873,9.260416653543308
24.2,6,146.0,120.0,2930.0,13.8,1981,japan,datsun 810 maxima,2.392511344,1329.0256441000001,9.719610867768596
22.4,6,231.0,110.0,3415.0,15.8,1981,usa,buick century,3.785411784,1549.0179435500002,10.500651026785714
26.6,8,350.0,105.0,3725.0,19.0,1981,usa,oldsmobile cutlass ls,5.7354724,1689.63157825,8.842653496240601
20.2,6,200.0,88.0,3060.0,17.1,1981,usa,ford granada gl,3.2774128,1387.9926522,11.644286287128713
17.6,6,225.0,85.0,3465.0,16.6,1981,usa,chrysler lebaron salon,3.6870894,1571.69756205,13.364464943181817
28.0,4,112.0,88.0,2605.0,19.6,1982,usa,chevrolet cavalier,1.8353511679999999,1181.60812385,8.400520821428572
27.0,4,112.0,88.0,2640.0,18.6,1982,usa,chevrolet cavalier wagon,1.8353511679999999,1197.4838568,8.711651222222223
34.0,4,112.0,88.0,2395.0,18.0,1982,usa,chevrolet cavalier 2-door,1.8353511679999999,1086.35372615,6.9180759705882355
31.0,4,112.0,85.0,2575.0,16.2,1982,usa,pontiac j2000 se hatchback,1.8353511679999999,1168.00035275,7.587567193548387
29.0,4,135.0,84.0,2525.0,16.0,1982,usa,dodge aries se,2.21225364,1145.32073425,8.110847689655172
27.0,4,151.0,90.0,2735.0,18.0,1982,usa,pontiac phoenix,2.474446664,1240.57513195,8.711651222222223
24.0,4,140.0,92.0,2865.0,16.4,1982,usa,ford fairmont futura,2.29418896,1299.5421400500002,9.800607625
23.0,4,151.0,,3035.0,20.5,1982,usa,amc concord dl,2.474446664,1376.6528429500001,10.226721
36.0,4,105.0,74.0,1980.0,15.3,1982,europe,volkswagen rabbit l,1.72064172,898.1128926,6.533738416666667
37.0,4,91.0,68.0,2025.0,18.2,1982,japan,mazda glc custom l,1.491222824,918.5245492500001,6.357150891891892
31.0,4,91.0,68.0,1970.0,17.6,1982,japan,mazda glc custom,1.491222824,893.5769689,7.587567193548387
38.0,4,105.0,63.0,2125.0,14.7,1982,usa,plymouth horizon miser,1.72064172,963.8837862500001,6.189857447368421
36.0,4,98.0,70.0,2125.0,17.3,1982,usa,mercury lynx l,1.605932272,963.8837862500001,6.533738416666667
36.0,4,120.0,88.0,2160.0,14.5,1982,japan,nissan stanza xe,1.96644768,979.7595192,6.533738416666667
36.0,4,107.0,75.0,2205.0,14.5,1982,japan,honda accord,1.753415848,1000.17117585,6.533738416666667
34.0,4,108.0,70.0,2245.0,16.9,1982,japan,toyota corolla,1.769802912,1018.3148706500001,6.9180759705882355
38.0,4,91.0,67.0,1965.0,15.0,1982,japan,honda civic,1.491222824,891.30900705,6.189857447368421
32.0,4,91.0,67.0,1965.0,15.7,1982,japan,honda civic (auto),1.491222824,891.30900705,7.35045571875
38.0,4,91.0,67.0,1995.0,16.2,1982,japan,datsun 310 gx,1.491222824,904.91677815,6.189857447368421
25.0,6,181.0,110.0,2945.0,16.4,1982,usa,buick century limited,2.9660585839999998,1335.82952965,9.40858332
38.0,6,262.0,85.0,3015.0,17.0,1982,usa,oldsmobile cutlass ciera (diesel),4.293410768,1367.5809955500001,6.189857447368421
26.0,4,156.0,92.0,2585.0,14.5,1982,usa,chrysler lebaron medallion,2.556381984,1172.53627645,9.046714730769231
22.0,6,232.0,112.0,2835.0,14.7,1982,usa,ford granada l,3.801798848,1285.9343689500001,10.691571954545454
32.0,4,144.0,96.0,2665.0,13.9,1982,japan,toyota celica gt,2.359737216,1208.8236660500002,7.35045571875
36.0,4,135.0,84.0,2370.0,13.0,1982,usa,dodge charger 2.2,2.21225364,1075.0139169000001,6.533738416666667
27.0,4,151.0,90.0,2950.0,17.3,1982,usa,chevrolet camaro,2.474446664,1338.0974915000002,8.711651222222223
27.0,4,140.0,86.0,2790.0,15.6,1982,usa,ford mustang gl,2.29418896,1265.5227123,8.711651222222223
44.0,4,97.0,52.0,2130.0,24.6,1982,europe,vw pickup,1.5895452079999999,966.1517481000001,5.345785977272727
32.0,4,135.0,84.0,2295.0,11.6,1982,usa,dodge rampage,2.21225364,1040.9944891500002,7.35045571875
28.0,4,120.0,79.0,2625.0,18.6,1982,usa,ford ranger,1.96644768,1190.67997125,8.400520821428572
31.0,4,119.0,82.0,2720.0,19.4,1982,usa,chevy s-10,1.950060616,1233.7712464,7.587567193548387
